{
  "mean_ms": 46.527326583862305,
  "median_ms": 45.516371726989746,
  "p95_ms": 51.956343650817864,
  "p99_ms": 68.44924449920647
}