model,precision,recall,f1_score,auc_roc
isolation_forest,0.9473684210526315,0.9,0.9230769230769231,0.9998979591836735
random_forest,1.0,1.0,1.0,1.0
ensemble,1.0,1.0,1.0,1.0
